{
    "parent": "item/handheld",
    "textures": {
        "layer0": "item/chainsaw"
    },
	"display": {
    "thirdperson_righthand": {
      "rotation": [
        20,
        90,
        0
      ],
      "translation": [
        0,
        3,
        -5
      ],
      "scale": [
        1,
        1,
        1
      ]
    },
    "thirdperson_lefthand": {
      "rotation": [
        20,
        -90,
        0
      ],
      "translation": [
        0,
        3,
        -5
      ],
      "scale": [
        1,
        1,
        1
      ]
    },
    "firstperson_righthand": {
      "rotation": [
        -45,
        10,
        90
      ],
      "translation": [
        0,
        3,
        -6
      ],
      "scale": [
        1,
        1,
        1
      ]
    },
    "firstperson_lefthand": {
      "rotation": [
        20,
        -90,
        -20
      ],
      "translation": [
        0,
        3,
        -5
      ],
      "scale": [
        1,
        1,
        1
      ]
    }
  }
}
